Comment,Sentiment
ğŸ‘ğŸ‘ğŸ‘,baik
Alamatnya dimn ini?,buruk
Rekomend & enak ğŸ‘,baik
Parkiran mobil aman tp ko?,buruk
Kok semua enakk ketokee.. Yummmi,baik
"Terdebeeest ini,langganan ğŸ¤¤ğŸ¤¤ğŸ¤¤",baik
"ketok enak kabeh , pen cobain ğŸ¤¤",baik
Alhamdulillah akhirnya buka dr siang juga....ğŸ”¥â¤ï¸â¤ï¸,baik
"Udah sempet nyobain ko, fresh bgt salad e",baik
Enakjiii ğŸ¤¤,baik
ğŸ‘,baik
jd pgn mkn saladğŸ˜®,baik
Rekomend banget si iniğŸ˜,baik
Wahhh makanan sehat niii,baik
Wahhh sehat tapi enak kalo ini,baik
Ini enakkk banget dan recomend ğŸ«¶ğŸ»ğŸ«¶ğŸ»ğŸ«¶ğŸ»ğŸ«¶ğŸ»ğŸ¥´ğŸ¥´,baik
Mantap.sueger saladnya ğŸ”¥ğŸ”¥ @naniksuryanti2020,baik
Langganan iniii koo,buruk
Yummy koğŸ˜ğŸ˜ğŸ˜ğŸ˜,baik
Udah tau lama dari awal2 buka ko. Enak emang saladnya. Tp beberapa bulan terakhir belum kesana lagi.,buruk
Wehhh enuk,buruk
Enaakk beudddddd dn sehatt,baik
Enakkkj,baik
Mwantaabbbbb,buruk
Favoritttt,baik
sukohardjo manakah?,baik
Dulu pernah kesini tp bukanya sore sedangkan klo sore suami ga bisa jadi kita cuma duduk bentar doank disitu wkkwkkk.. Btw seladanya mereka tanam sendiri di pekarangan rumah,baik
"Langganan ku ini, the besttt..",baik
"Dah Beberapa kali ke Sana Ko, Cmn Wkt itu buka'nya sore jam 17.00 Skrg Kt'nya udh buka dr Siang. Next Gas Neh Ko... Soale Terfavo Byaat Hehehe...",baik
RecumendedğŸ™Œ,baik
"Sayang iklan saja, share loc ku datangi",buruk
Alamat nya mana,baik
Aku udah pernah kesini sama ayang ğŸ˜,baik
udah bukak pagi ya kak sekarang..?ğŸ˜,buruk
Ini fav aku,baik
Seger seger banget menu nya,baik
Ini kenyang bngt wlo sayur,buruk
Seger ijoo ğŸ’šğŸ’šğŸ’š,baik
Yummy,baik
Ki ancen tob pol,buruk
Wenak ğŸ˜ğŸ˜,baik
Beneran enak sih ğŸ”¥ğŸ”¥,baik
Kesini yok ğŸ˜¢ @zilizi16,buruk
Uenak nya,buruk
Sehat teninnn cocok buat diet,baik
Cocok nih ğŸ˜,baik
"Sdh Beberapa Kali ke Sana, Cmn Sayang'nya buka'nya Sore. Berharap Buka dr Siang ğŸ¤­",baik
"Menunya Enak2 dan semua freshğŸ«¶ğŸ», aku sudah pernah nyoba.. yang punya bocil ada playgroundnya jugaâ¤ï¸",baik
Wah penasaran pol save dlu,baik
spill harga2 kk,buruk
Enak semuanyağŸ¤¤,baik
The bestt...udh pernah nyobainâ¤ï¸,baik
Salad nya best,baik
Ngiler,buruk
Baguss banget tempatnyaaağŸ”¥,baik
Enak ğŸ˜,baik
Syahduu kak ğŸ˜ğŸƒ,buruk
Kepoooooo deh,baik
Ini enakkk bgt,baik
Ketok enak kiğŸ”¥ğŸ”¥,baik
"Pernah kesini, porsinya uakeh pol",buruk
Baru tau ada resto salad,baik
Wahhh mantappppğŸ”¥ğŸ˜,baik
Endesss ini mah......rasa yg patut dicobaaa,buruk
"tanya dulu ya, misal viral terus ramai, jaminan kualitas rasanya sama ndk ya? yg sudah2 sih viral terus asal aja masaknya, jadi cm numpang lewat saja bukan menjadi langganan dikemudian hari",buruk
Owner nya baik ğŸ˜Š,baik
"Sepertinya mak nyus, tapi sayang rame nya gak karuan ya ? mikir2 lagi berarti ğŸ˜…",buruk
50 meter dari rumah orang tuaku iniğŸ˜®,buruk
Recommended ğŸ‘ğŸ‘,baik
Dimana bro lokasi nya gua tertarik ni,buruk
Info kak @sutarto_dwis,baik
Mampir ke @bakmi_pakbagongbaturan .itu jg teras rumah di sulap jd warung bakmiğŸ”¥,baik
"Worth it bgt ini. Porsinya buat saya yg lagi pengen bulky, pas bgt porsinya. Nasinya ga terlalu byk, lebih banyak lauknya ketimbang nasinya. Harga sesuai bgtlah pokoknya. TOP!! @sebelasrasa",baik
Ning ndesomu iki @tesalonika_marta,baik
Suara,baik
Wajib cobaaaağŸ™Œ,baik
Kok enakkk keliatannyaaaağŸ˜,baik
Bikin ngiler makanannyağŸ˜,baik
woww makanannya enak2 nih ğŸ˜,baik
enaaaak nihhğŸ˜,baik
Mauu cobaaaağŸ¤¤ğŸ¤¤,baik
Aaa salpok porsinyaa bisa buat sharing nihh,baik
Jadii pengenn cobaaağŸ˜,baik
ManttaaapppğŸ˜,baik
mau saladnyaa ğŸ¤¤ğŸ¤¤,baik
Porsinya byk bgt ini,baik
"Effort kesini, harganya terjangkau, enak dan porsinya banyakk",baik
Enak niiii,baik
Menggoda lidah,baik
Salad nya keliahan fresh polğŸ˜,baik
Bar2 amat porsinya ğŸ¤¤,baik
Hidden gems ya ini,baik
Minjem sepeda listriknya,baik
Wahhh recomend nihhh,baik
Endul keknyaa,baik
Endulll,baik
ğŸ˜ğŸ˜ğŸ˜pengenn,baik
Serius ini sehat dan enak,baik
penasarann,baik
Mantul iniiiğŸ¤¤,baik
Aahhh penasaran mau cobak ğŸ˜,baik
Mauuu jugaaak,baik
aaa ini enak bgtt,baik
Enakkk ni,baik
aduhh mau bangett,buruk
masok nii,buruk
aaa mauu cobaaaaa,buruk
wiii mauğŸ˜,buruk
otwww,buruk
Menarik menarikkkğŸ˜,baik
Yaampun ngilerr,buruk
NgilerrrğŸ”¥,buruk
"Baru sekali kesini langsung jatuh cinta, nagih. Vibes nya itu lho, bikin betah makan bareng keluarga.",baik
EH ADA SAYANYAğŸ˜‚,baik
Ada aku sm keluarga kak min.. Udah 2x dan nagih deket lagi,buruk
Mantab ğŸ”¥,baik
ğŸ˜ğŸ˜,baik
Mantab ğŸ‘,baik
Recomended bgtğŸ‘,baik
Menunya siiipp.... Sayangnya cuma buka dr sore. Ditunggu bisa buka dr pagi ğŸ˜ğŸ˜,buruk
Kemaren sudah cek tutupğŸ˜¢,buruk
Syenggg @fotografer.solo.jogja,baik
Ayo @na_isnana coba lagi,baik
â¤ï¸â¤ï¸â¤ï¸,baik
Pingin ğŸ« ,baik
Ngeneki ra sih @prdstagrn @ppink_96,buruk
Asikkkkkkkkk â¤ï¸ğŸ˜,baik
pengen kesini blom jadiÂ² ahhh,baik
kayanyaaa enak bgttğŸ˜ğŸ˜,baik
at least kalo aku solo ajakin ke sana sii,baik
Aaahhhh ngilerrr,baik
ih mendadak laper,buruk
Berasa makan d rumahğŸ˜‚,baik
Skrg ada playground ya min,baik
Yo sip ... Suk mrunu,buruk
Kerudung biru is that youu @melleniaarta,baik
Yg ni dmn er?,baik
#surakarta #solo #karanganyar #sragen #boyolali #wonogiri #klaten #sukoharjo #soloraya #kulinersolo #solokuliner #kulinersoloraya #visitsolo #wisatasolo #infokulinersolo #jajanansolo #jelajahsolo #agendasolo #exploresolo #kotasolo,baik
Enakkkk..... Aku bawa keluargaku ke sana pas puasa kemarin. Pada suka. ğŸ˜ Ada tempat main anak-anak juga. Ponakanku nggak bosan jadinya,baik
Memang enak makanan.nya ğŸ™Œ homy tempat.nyağŸ™Œ,baik
Slice salad is de best ...worth bgt.ğŸ”¥ğŸ”¥,baik
ğŸ˜,baik
Selain enak porsinya jg pas ğŸ‘,baik
Tempat makan recommended 5 menit dr rmh..enak & tempatnya nyaman,baik
"Pernah Ke Sana, Rekomended Enak Kbeh Menu'ne ğŸ‘ŒğŸ‘ŒğŸ‘Œ",baik
Dimana ini min,baik
Alamat gk ada,baik
â¤ï¸ dapet kaka aku akan lebih baik lagiğŸ¥°,baik
Ayok ini yg di cari @yahyaadityarasya,buruk
Ngilerrr banget ini enak semua ğŸ˜,baik
Pingin tapi harus ke solo ğŸ˜›,buruk
Apa iya,baik
Wah kita jadi tetangga desa ki mas saikiğŸ˜‚,baik
ahhh teriakkk buat solooo pengen kesana buat kulineran ğŸ˜,baik
Bikin ngiler ih,baik
Bikin laper nih,buruk
Keren banget halaman rumah di sulap jdi resto ğŸ˜,baik
Mau coba jugaa nihhğŸ˜kesana bareng keluarga,baik
Duh mau kesanaağŸ™Œ,buruk
Enak banget lengkapğŸ˜,baik
Aaaa mau bangettt,buruk
Wenak-enak pol menunya ya kakğŸ˜,baik
Sumpah sehat sehat banget ini makanannya,baik
Ngiler banget makannnyağŸ˜,buruk
Semuanya enak2 yah bikin ngilerr,baik
Mau bgt ahh bikin ngilerrğŸ˜,baik
Wah kalap aku liat enak,baik
Aduh ngilerr bngetttğŸ˜,buruk
wajib mampir kesini ini sih ğŸ˜,baik
aa ngiler bgttt makanannyaağŸ˜,baik
ğŸ˜ğŸ˜enak banget nih,buruk
kalo ke solo harus mampir sini sihhğŸ˜,baik
Wah masuk list kalo ke solo,baik
Enak bgt semua menu2 ini ğŸ˜ğŸ™Œ,baik
salad nyo banyak anet,buruk
mau kesolo bgttğŸ˜,baik
Menunyaaa menggoda bgtttğŸ˜,baik
duhhh beb bikin ngiler ihğŸ˜¢,buruk
Yaampun mau ke solo makkkğŸ˜,baik
Jdi ngiler ihğŸ˜¢,baik
Wiii mau bgtâ¤,baik
Maw maw maww ğŸ˜ğŸ˜ğŸ˜,buruk
enak nih yağŸ˜,baik
Wahh mau bgt â¤ï¸,baik
Saved dulu yhaa ini,baik
Lagi laper jadi ngiler momğŸ˜‚,buruk
Aaaa mau bgt â¤,baik
Sambel mata ny ena bgt,baik
"Wih salad nya menggodağŸ˜ğŸ˜ ,tp kejauahan atuhh,ntr mau coba bikin ahğŸ˜",baik
Wahh ini enak n sehat,baik
Semuanya bikin ngilerrr ğŸ˜¢,buruk
Duhhh jadi ngileeerr nihğŸ¤¤ğŸ¤¤ğŸ¤¤,buruk
Mau banget kak,baik
Sambel matahnya behhh menggoda bgt,baik
Wahh jd ngilerr nglihat menunyaağŸ˜,baik
Bikin ngilerr pol ini mahğŸ˜ğŸ”¥,buruk
Wah ini klo kesini aku bs pesen semua nihğŸ˜,baik
Ngiler bgt pengen ğŸ˜­,buruk
Sumpehh ngiler banget liat nyağŸ˜ğŸ¤¤,buruk
Saladnya menggoda bgtğŸ˜,baik
Aa ngiler bangettt toloongğŸ˜,buruk
Enak semua ini sihğŸ˜,baik
Menunya nampol banget sih iniğŸ˜,buruk
Salad nya menggoda bngtğŸ˜,baik
Pengen saladnyaa keliatan seger enak bgt dimakan,baik
otw coba jg siğŸ˜,baik
Mgilerrr gak kuat mau beli langsungğŸ˜,buruk
Nyaman poll sih iniğŸ˜,baik
Jadi ngiler sama makanannyağŸ˜,buruk
Nanti kalo ke solo mau mampir ğŸ˜,baik
Kak ini kenapa enak enak semua yaa ğŸ¤¤,baik
Boleh dicoba ni enak yahhğŸ’•,baik
Savee biar cobain kalo ke soloğŸ©·ğŸ©·ğŸ©·,baik
Huaaa jd laper aku liat video ini wkwkw,buruk
Healthy bgt jd ga feeling guilty ğŸ˜,buruk
Waaa andai ada di balikpapan ğŸ˜,baik
Lngkap bngtt menunyaa ya,baik
Ada cabang di Tangerang gk kak?,baik
kalo ke solo wajib si visit mampir sni ğŸ˜,baik
Save ah .. nanti ke solo mampir melipir ğŸ˜,baik
"Ngilerrrrr, klo main kesana harus mampir deh kayanya iniii",buruk
nyaman banget sih tempat nya kayak di rumah sendiri,baik
Wah banyak banget macam makanannyağŸ˜,baik
Wah.. Lezat semua it mom.. Mau icip de,baik
Aduh jadi ngiler mom ğŸ˜ğŸ˜ğŸ˜,buruk
Makan enak plus sehatğŸ˜,baik
Menunya enak semua kak bikin ngiker,baik
Ngiler bgt liat ayam sambal matahnyağŸ˜,baik
Bukan tempat untuk diet ya ini,buruk
Auto kalap ya kak liat menunya bnyak dan pasti enak,baik
Wah enak bgt inii jd ngilerrrğŸ˜,baik
Kalau aku ke Solo wajib ke sini siih ğŸ˜,buruk
Duh enak.enak banget ğŸ¤¤,buruk
makanannya enak enak bgtğŸ˜,baik
Wajib ke sini pas lewat soloğŸ˜,baik
Ntar mampir ah kalo ke solo ğŸ˜,baik
ngileeeeer. pengen banget kesini,baik
Bikin giler mihğŸ˜¢,buruk
Duhhh save dlu ah,baik
Wahh banyak banget menu nya ya,baik
Duh ngiler banget deh beb,buruk
wah pas banget mau liburan ke soloğŸ˜,buruk
Enak enak banget inii,baik
penasaran bgd sama rasanya,baik
Wah klo pulkan wajib kesini akuğŸ˜,baik
"Wahhh ngiler, klo ke solo mau coba ini ğŸ˜",baik
Ngileeer tp jauh kaliğŸ˜¢,baik
Wah lengkap banget; klo ke solo kudu ke sini â¤,baik
Ngeliat ini jd kangen solo,buruk
lengkap banget ya kak varian saladnyağŸ˜,baik
â¤ï¸cek dm kak,baik
Enakk ini Mimin mauh,baik
Ngiler bgt ihhhğŸ˜ğŸ”¥,baik
Kak @hannaqueen46 pengin iki,buruk
Jauh gak sih dari stasiun Solo balapan ka mau kalau kesini ğŸ˜,baik
jadii pengenn ğŸ”¥,baik
Mau dong ğŸ˜,baik
Puas bgt makan ksini ya ğŸ˜,baik
Nnti kapan2 makan ini mau,baik
Udah sampe solo ajaa nih mama Hana ğŸ˜,buruk
"Luas juga tempatnya,bersih",baik
kece banget nihh weii,buruk
Nyaman banget ya cafenya,baik
Waa nyaman bgt ni cafe nyaaa,baik
Kaya dirumah vibeny,baik
harga menunyaa murce ga nih beb? ğŸ˜,buruk
Waah save dulu ah,baik
Bagus cafenya,baik
Andalan banget ini kakğŸ˜,buruk
nyaman banget buat nongki ğŸ˜,baik
Jadi betah nongki disitu,baik
Spill harga kak,buruk
"Pas liat lokasi nya ""solo"" nangis bgtt ternyata jauh bgt, kesitu hrs sambil nginep wkwk",baik
Nyaman banget tempatnya ğŸ˜,baik
".
.
.

#Day1ë‚®324
#Ğ¼Î±ÑÑ”Ñ‚pÄ“àº–à¸™hÆˆÊŠÇŸÕ¼",baik
Pindah ke kalsel gih restonyağŸ˜¢,baik
".
.
.
.
.
.
.
#ğ•ƒğ•šğ•˜ğ•™ğ•¥ğ•¤ğ•†ğ•¦ğ•¥ì¥ğ•ğ• ğ•§ğ•šğ•–ë ˆğ•’ğ•©ğ•
#hellomarchbekindyz",baik
Save dulu sih ini,baik
Menunya bikin laper bangetğŸ”¥,buruk
Save dulu ah ğŸ˜,baik
Aaa sayang banget jauh Dari tempat ku ğŸ˜¢,buruk
Tmptnya nyaman yah kakğŸ™ŒğŸ»,baik
Wahhh asli homeyy bgt,baik
Huwa jadi mau kesini,baik
wah baru tauu malahğŸ˜,baik
Asli homey bgt niâ¤,baik
Enak bgt ni kalo bawa bocil,baik
Jadi pengen ke sana ğŸ˜,baik
sekilas dr luar biasa aja tp cakep juga niğŸ˜,baik
Nyaman bgt ya,baik
Homey banget iniğŸ˜,baik
Wah mau main ke Solo ğŸ˜,baik
Bisa buat foto2 nih ğŸ˜,baik
Penasan ni mau kesini belim kesampean,baik
semua makanannya menggoda euy,baik
Mau juga dong cobain kesini,baik
next kalo ke solo kesini,baik
enak buat nongki yağŸ˜,baik
akuuu solo jugaaa tp baru tau lohhh ada tempat ini,baik
cozy bgt jd mager plgğŸ˜,baik
aaaa murce2 yahğŸ˜,buruk
Hommyy bgt ya kak ğŸ˜,baik
Kalo ke solo aku mau kesini ah,baik
Save dulu ah ini,baik
Waahh boleh lah dicoba ğŸ˜,baik
Homey banget tempat nya ğŸ˜,baik
Saladnya enaak,baik
Menarik sebagai pecinta salad aku mesti mampir nihğŸ˜,baik
Waahh menarik nih ğŸ˜,baik
Pengen bgt mampir,baik
Kyknya aku yg gasuka salad bakal suka sihğŸ˜,baik
ğŸ˜ğŸ˜Banyak bgt varian menu saladnya,baik
Definisi makan salad yg nikmat dan nyaman ini ğŸ˜â¤,baik
Baru kali ini penasaran sm makanan sehatğŸ˜†,baik
"sukaaa bgt salad, ngiler deh liatnyağŸ˜",baik
Enak nih kakğŸ˜ğŸ˜soon mau cobain,baik
Next list kalo main kesanağŸ˜,baik
Haduu yg sehat2 tp enak begini menggoda ğŸ˜,baik
Enak nih nyummy ğŸ¤¤ğŸ‘Œ,baik
NgilerrrğŸ˜«,buruk
Weeehh dimana ini dev?,buruk
Enak bnget ğŸ¤©,baik
Aku ga suka sayurann tp pen cobain ğŸ˜¢,buruk
mam sehat ğŸ˜,baik
So look yummy ğŸ˜ğŸ˜,baik
Enak nihhhğŸ”¥,baik
Enak2 banget keliatannyağŸ˜,baik
ğŸ¤©ğŸ¤©ğŸ¤©ğŸ™Œ,baik
"Menunya komplit, pelayanan cepat & ramahâ€ ğŸ‘",baik
Menunya variatif dan banyak pilihan salad sayurnya fresh juga... Kemarin saya makan bebek gorengnya gak alot sama sekali karena proses diungkepğŸ‘,baik
Enak kayake ini min,baik
Enak.......11/10,baik
Dressing saladnya endull....bebeknya juga juicy...,baik
Dekettt rumah tp blm pernah ksanaaa...puengen eram,buruk
Bisa Qris/debit gak kak?,baik
enaakkkkkkk,baik
maaauuuuuu,buruk
Karo kelurahan kudu itu kmn ya miin infonya doong miin,baik
"Fav ku, melon yakult..",baik
5 menit,baik
Bunda @nieke.ratriana cedak omah yo?ğŸ˜ğŸ˜,buruk
mas @cahyo_t_haryono solo mampir mrene,buruk
Oseng telurnya ngga ramah..,buruk
Sedesa tp ko ndak tau yaa ğŸ˜¢ @banyutrimulyo,buruk
Nginep solo trs mampir sini ya yang @91_aha,baik
Info kuliner d deket rs moewardi dong,baik
Deket rmhmu ini @ngbintang @cokbone,baik
Ki ngendi @shinta_yudith,baik
Enakk kayak nya,baik
Rasanya worthit sm blusukannya kah?,baik
Jos nan kiğŸ‘ğŸ‘,baik
Rene yoh sep @septya.chiwa,baik
Adoh karo gonmu ora mbo @him_mawan ?,buruk
Rice bowl e mangkok e lunyuuuğŸ¤£ğŸ¤¦,baik
Saladnya mantep...tp bawa dressing/kewpie sendiri aja,baik
Share untuk kisaran harga menu min @solodelicious,baik
"Liat slide 4 aku lgsg deg ingat rmh alm mm kuğŸ¥º sm persis teras ny gini, tiang/pilar ny jg model gini",baik
1mnt dr rmh wkk,buruk
Saladnya enak,baik
apa harus malam itu min,buruk
spil harga,buruk
Lancar2 yo pak @widyoagung ... Ayoo kapan pak @abudonly,buruk
Ayam gorengnya ğŸ˜‹,baik
Sama2 kak,baik
Terima kasih atas kedatangan dan videonya mas ğŸ™ğŸ™,baik
Alamat jelasnya mana nggih min?,baik
Sering kesana tapi yg terakhir kok porsinya di kurangi jadi dikit banget menurutku dengan harga 30 RB jadi mahal,buruk
Cedak omahmu ki @tesalonika_marta,buruk
ğŸ¥¬ğŸ¥•ğŸ¥—ğŸŒ®,baik
"Sering beli, porsi saladnya jumbo ğŸ˜‚",buruk
Emang enak saladnya ğŸ˜,baik
Saus mayonya di salad menurutku kurang banyak sih,buruk
"Bukanya sore ya,, kog ga dari siang",baik
Kayakx asyik juga tempat n menux ğŸ‘,baik
Resto na wali murid ğŸ˜enak banyak murah,baik
top,baik
Mantap,baik
ğŸ˜ğŸ˜ğŸ˜,baik
Aq dah pernah k sini..minum & mkanannya enak aq suka...recomandedğŸ‘,baik
Porsi salad sayurnya bisa buat rame2.. Rasanya enak banget... Recomended utk pejuang diet ğŸ˜,baik
ğŸ‘ aku n anakku udh coba kesana,baik
Wah enak banget ikiğŸ˜,baik
Subhanallah... terimakasih atas nasehatnya,baik
Bukanya sore ya? Siang apa gak buka brati,baik
Padahal mayan jauh dari solobaru wkwk. Tapi menu menunya rekomended banget. Dan yang paling penting deket dari rumah jadi enak sat set sat set wkwk,baik
Kenapa aku yg rumah disini ga prnh tau ğŸ˜‚ğŸ¤£ @dewirahmawulan__,buruk
"Maaf saya pernah kesana ğŸ™Œ pesanan ngaterin salah tp dah kadung kemaksn sm suami trus berikutnya salah lg krna kan itu buman pesanan kitaakhirnya saya tolak, gak lama di datengin bawa kertas menu dan bilang ""ini pesanannya sesuai yg ditulis lho kak"" dan saya bilang ""itupesanan bukan dr meja ini kak""",buruk
Ada juga sop sapi extra cacing pita wak,baik
Gaskeun @galihgunturgemilang @diandnc @madmamaz dek syef dah kesini beloooom? @syefiraayudia @genttruestories,buruk
Naruto style,baik
Deket gak ini @septianikaa?,buruk
"Ohh iyaa,2 hari yg lalu ke sana,saladnya enak,bebek goreng nya jg enak,",baik
Yok mba @fe_soetanto ğŸ˜‚,buruk
Dl wktu masih di solo ak sring ksni.. emg candu bgt masakan ny. Hmmm jd kangen solo.. udh lama bgt gk ksna.,buruk
"Cuma 1.5km dari rumah, kemarin kesana gara-gara postingan ini, Enak mantap !! â¤ï¸",baik
cantumin min daftar harganya,baik
Ekhem @fauzan_nurh,buruk
Mau coba @margasepty ?,baik
"Yg pasti buat males Solo Baru banyak SPA & Massage, hiburan malamnya, jd gak nyaman tinggal di soba.. ndak ad yg mau ngakat tempatâ€ ini biar lebih di evaluasi & jaga",buruk
Anu..partner kulinerku saiki sibuk .dadi sementara engga sikğŸ˜¢,buruk
Recomended bgd....ownernya ramah parah....sajiannya sehat nikmat...harga pas ....harus bgt balik lagi...saladnya ngangeni wedang bunga talang nya top,baik
"bener , apalagi harganya bener"" sesuai .. apalagi cepet banget pelayanan nya",baik
Knp ga dari dulu ya @rjehann,buruk
Terno rene ak sep @septya.chiwa,baik
â¤ï¸,baik
"Di Mbaki yaa , udah pernah kesana dong ğŸ˜",baik
Duhhh jadi ngilerrrr ğŸ« ,buruk
Iya betul mbaki aku udh kesana ğŸ˜Š,baik
"rekomen poll, mas nya jg ganteng2ğŸ˜ğŸ˜ğŸ˜ğŸ˜",buruk
Itu mbaki bkn soba ğŸ˜­,buruk
Pernah ke sukoharjo tow,baik
Fav ğŸ˜‚ğŸ˜ @lovelyalvi26 mau nyoba?,baik
Tiwas adoh2...@aliefrizkyshu lha kok......ğŸ˜¢,buruk
brpa kav,baik
Adooh meen tak pikir mung kono kui,baik
Mampir dwonggg ğŸ˜¢,buruk
Ayo mrono,baik
Yah @bsetiaji181 cedak omah,buruk
suka kak,baik
"menu nya sama kayak yg di tasikmadu,makan sayur gak perlu jauh2 lagi ğŸ˜ tp mslhe ngajak sopo ğŸ˜¢",baik
â¤ï¸â¤ï¸ td siang baru dr sana. Enak smua.... @widyoagung sukses trs gul (owner),baik
Bunddd ğŸ¥º @kartikachand_,buruk
Kesini yuk ay @_iguntara5,baik
Enak Ki @syamsihartati,baik
Cdahe mbh kudu mas @irul2491,baik
Bisa yok @priswariwina,buruk
ğŸ˜,baik
Mau cem ni gak @kos.griyakalibogor ğŸ˜‚,buruk
Harus kesini nihğŸ˜,baik
yank @achekneggro,buruk
â¤ï¸,baik
MantapğŸ‘,baik
Catet pi @evviarum,baik
The best banget....rasanya enak harga murahğŸ˜ğŸ˜ğŸ˜,baik
"Pernah, dan menyenangkan ğŸ¤©ğŸ‘",baik
Keluyuran malam ini bestieeee @turianggraini @rien_justrien @a.k.u.novita @rienadewii,buruk
gas le @yanutimur @shofiesholikhah cedek omah e @septian.erwin,buruk
mimin sukaaa,baik
Saladnya mantaab.. uakeeeh porsinya,baik
Vegetarian cocok ikiğŸ˜ #vegan #vegetarian,baik
Gas,baik
Ki daerah cerak soba beb,baik
doyan rak @ariwijayanti92 ngndi ki,buruk
Enak tenan ...mantebs salad dllnya .nggone koncoku ..pulang kon metik kangkung daun slada hidroponik,baik
Ayo bareng 2x ke sana temen2x solo,baik
Bukanya mulai jam brp,buruk
Lg usum klithih,baik
Perlu dicoba pa @eko3anto1984,baik
Spill harga min ğŸ˜,buruk
Besok kesana ahhh deket,baik
Yuk pencinta sayur merapat @intansalsa.bi @dindaleoo ğŸ˜‚ğŸ˜‚,baik
Kayaknya enk kae de' @arini.rinnn,baik
Sayurnya seger bangettâ¤ï¸,baik
cedak rumahq,buruk
boleh di coba nii @__n.anisa @wiwien_233,baik
Gara2 diajak anakku makan salad sayur disini nih aku jadi doyan makan salad sayurğŸ˜‚ğŸ˜‚ğŸ˜‚dan pulangnya dibawain sayur an kangkung organik sekresekğŸ˜ğŸ˜,baik
Ayo bestie @natalie_mrs.leo,buruk
Mau mudik cobain ini terus balik jkt lagi @aurreliia wkwkwkwk,buruk
Gassndaa bunaa @cacawashere,baik
Ini ownernya ruamaah puol. Gak pelit ilmu soal taneman2 juga.,baik
Rela.bgt bikin candu,baik
Mba @hyelenbuya99,buruk
Cobain ini @nabilapputriii,buruk
Alamat mana,baik
Ngendi iki mol @renyyuly,baik
Sini yookk @ariii.kurnia,buruk
Sayang ga buka siang hariğŸ˜¢,buruk
Enak sii pren serius @ariana07022 @latifahrmdni ğŸ˜,baik
Duuhhh pengenn....,buruk
gass kesana gratis foto sm yg masakğŸ˜,baik
"Lagii dan lagii Adidas sale 70% beb, gasskeunnğŸ’ƒğŸ»",baik
Pengen Iki @bangkitpriyo_utomo,baik
Yg punya LG ada panenan apa Iki min?soale neg pas jambune berbuah sek beli pada dikasih..matoa Yo enek..kapan kae Aq malah dibawai pulang panenan kangkung hidroponik ğŸ˜,buruk
"Nagihi,salad nya memang andalan ,tapi menu yg lain ga kalah mantap ğŸ‘Œ",baik
Wah ketok enak mantab,baik
Badalaaah....nilapkeğŸ˜¢,buruk
Terima kasih sudah makan malam di sebelas rasa ya kak..,baik
besok plg solo hrs kesni pap @indra.wahyudi77,baik
Loh lohh harus e ketemu kita yaağŸ˜‚,baik
salad nya seger bgt,baik
jujurr pencinta salad wajib cobain inii,baik
mantep bangett tempatnya,baik
GOKILLLL,buruk
saladnyaa 10/10,baik
tempatnya buat kumpul bareng keluarga rekomend banget siğŸ¤™,baik
jadi pengen kesini lagi dehğŸ¥²,baik
paling suka salad nya ğŸ˜­,baik
Baki nya sebelah mana kak?,baik
Mantap kakğŸ‘,baik
Duh enak kui salad mas,buruk
ğŸ‘ğŸ‘ğŸ‘,baik
Seger saladnyağŸ˜,baik
Bolehhh yukkkk,baik
masuk listğŸ˜,baik
T4 pasny d mna kak,buruk
Sukoharjo anjir udu soloğŸ˜­,buruk
Minat ra john salad sayur favorite mu hlo ğŸ˜† @silviaseptyaningsih cdak nggonmu sisan mbakii,baik
Dadi pengen runu,baik
Kesukaanku salad kebab endull,baik
Ayo ksini @ambangcw @senjaning7869,baik
Mulai buka jam brapa?,buruk
Pas ya Dmn njih,baik
Baki????? Lahhhh gimana aku gak tahu ada tempat makan sehat ini? Deket rumah padahal,buruk
"pas neng seruni, kayane seru di gofood @andi_hermawan_89 @silvia_kusumaningrum89",baik
Salam dr solo.. deket rumah aku itu ğŸ˜,baik
Sini yukkk @andi_jaff,baik
"Di Solo??? Solo Sama Sukoharjo beda bosss, Solo itu Kota, Sukoharjo Kabupaten.",buruk
Dmn nihhh,baik
Gass bos @theodoric.setiawan,buruk
Baki kab Sukoharjo...mo kearah Daleman,baik
Hydroponics itu organic ya ?ğŸ˜‚,baik
Badabest ini saladnya.... Menunya baanyak & tempatnya nyaman. Pokoke wajib disatroninğŸ‘ŒğŸ»ğŸ‘ŒğŸ»ğŸ‘ŒğŸ» #bisa belajar berkebun juga sama ownernyağŸ¤—,baik
"Minta tolong spill harganya maszzzeeehhh, biar bisa menyesuaikan sangune hehe",baik
Kemeruh,buruk
Hm kapan kesitu y,buruk
"Baki min,,, Dudu soloğŸ˜‚",buruk
Gass,baik
Gasss @hendriagung96,buruk
"Pernah kesini, dibonusin ownernya suruh ambil kangkung sepuasnya ğŸ˜‚",buruk
Mantul saladnya plus minumanny lingzi,baik
Joss.. kapan2 di coba,baik
Nyoba mbk @asyfadianna29 ğŸ˜…,buruk
enak mas aku tau rono Karo ponakanku,baik
"MantapğŸ‘, harus diagendakan kalau yang sehatÂ²seperti ini.",buruk
Ayo pecinta salad kita makan kesini @pabrianalarasati @kiranasekha,baik
LOKASI DIMANA MIN,baik
Lokasi tepat nya dmn ya?,baik
Sorry organik sama hidroponik itu beda ya.,buruk
Salad hidroponik lebih tepatnya ğŸ˜,baik
Ayo nyobain @dhimasyogantara89,baik
Bakinya sblh mana.. Rmhku jg baki tp ga tau,buruk
Mantap banget rasanyağŸ‘ğŸ‘,baik
udah pernah kesini sir? @iankrishnanda,baik
"Tempatnya ngumpet, tapi homey. Ga berasa lagi makan di resto, kek makan sama keluarga di rumah wkwkğŸ˜‚",baik
Mbak @noeroeldjariyah ayo kesiniğŸ˜ğŸ˜ğŸ˜,baik
Ayo deket nih @akuikuika @_ranrania,baik
itu sukoharjo,buruk
Ga lagi dah.. nunggu makanannya lama buanget,buruk
Mengharumkan nama baki,buruk
Lambungku perih rasanya kecuuutttt ğŸ˜®,buruk
ğŸ‘Es duren memang joss...,buruk
Enak bgt pen coba ğŸ¤¤,baik
Ini di baki daerah saya min..ğŸ‘ğŸ‘ğŸ‘..ndelik tp ngga ngecewain kan min..?ğŸ˜,baik
Iki ngendi panggone mas ? ğŸ˜ @anang8874,buruk
La omah q baki tapi aq ga ruh i,baik
Dirimu gawe ngene po ra josd mbak.. @devi_rosita_isnien_,buruk
hidroponik kok organik #heran.,baik
Langganan mu... @merry_nugrho,baik
Dimana letaknya? Buka jam brp?,baik
Pingin ke siniğŸ˜,baik
Baki sukoharjo,baik
Baru tahu baki tu ternyata masuk solo,buruk
Lokasi pas nya berarti di kudu ya? Sama baldes mananya ya? Saya di kwarasan,buruk
lehh cedak omahku masak rangetiğŸ˜¢,buruk
Recommended bgtğŸ‘ğŸ‘ğŸ‘udh sering ketemu sm yg punya resto,baik
Rene Yo mi @unun_abriel,baik
Baru aja ak kesini recommended sekali mantap,baik
Solonya dimn to,buruk
Info lokai min,baik
Bisa QRIS ga ya disini,baik
Nemu pas ra oleh maem ğŸ˜¢ @nurcahyoadetya,buruk
Nama tempatnta apa ya .. maaf ga nemu di reel.. apa terlewat ya ?,buruk
Mbakine ngendi mas,baik
Great place ğŸ”¥,baik
Lokasinya dimana kasih alamatnya,baik
â¤ï¸,baik
Mak @naluria_ika mana ni dr tempet mu,buruk
baki sukoharjo mas bukan solo,baik
cocok @mirzananda_ perlu d coba?,buruk
Mahal,baik
"Sdh pernah nyoba.. Rasanya Pas dilidah.. Ada saran.. Snack camilannya pakai yg kukus/ rebus Doong.. Misal ğŸ¥œ Rebus, Edamame kukus dll.. Trimakasih.. Semoga semakin Sukses..",baik
Mana nih kak @ichaarrrrgg,buruk
Dimana cepet bgt baki sebelah mana,baik
Kok koyo mas al tah? @abcdhunu,buruk
Enak ta,baik
"salad nya yg bikin menggiur ini, cakep juga warna nya",baik
cikkkkkkkkk @oyiieent,baik
nyoba Iki ğŸ¤¤ @wulan.eko.35,baik
"gaezz @eliz.varo @anggitafilans mosok enek ngeneki neng baki,,suk gaazz yoh",baik
Dari rumah cuman 7 menit wkwkw,baik
Cedak kost ku ternyatağŸ˜®lg ngerti,buruk
Mantap ini,baik
"Kudu, Baki, Sukoharjo. Bukan Solo Min ğŸ™ğŸ»",baik
â¤ï¸,baik
Pgn tp kok ndadak tekan omahmu @elyanrb,buruk
â¤ï¸,baik
"Salad dressing ga enek, dan yg ga suka mayonaise Bisa ganti minyak wijen, dan Saladnya fresh keseluruhan rasa enak, tempatnya adem kayak dirumah sendiri. ğŸ‘ğŸ‘",baik
Maap ya kak yaaâ€¦ hidroponik bukan organik yaağŸ™ğŸ˜…,buruk
"Sedikit ralat,...itu tempatnya masih di Sukoharjo bang,bukan solo",buruk
Kie cedhak omahku tp ko mlh reti saka kene ğŸ¤­,buruk
Sukoharjo ini mah,buruk
Gassskennnn,baik
Deket rumahku ternyatağŸ˜­ğŸ˜­,buruk
Menu sehat patut dicoba,baik
Ini masuk solo ya ğŸ˜,baik
Hidroponik itu Bukan Organik mase ğŸ¥²,buruk
eh kakelku sma bukan si?,buruk
Hidroponik blm tentu organik ğŸ˜‚,baik
"Njir solo, sukoharjo itu mah",baik
Monggo mampir ten @sotojimboeng min.,baik
Iya daerah baki . Ayo to kapan . Sabtu aq g bs .mbak ipar q plg solo soale . Bs q minggu siang . Tp g bs nyetir smpe sanağŸ¥¹,baik
bekas pabrik herbal,baik
Hidroponik kan kimia,buruk
"Sak RT Karo aku ğŸ˜¬, @sebelasrasa",buruk
Yank kesini @_itsmee.v,buruk
"Mana si, deket rumah bgt? @ahmad_tri.w",buruk
Cedak ikih.. ğŸ˜ğŸ˜ğŸ˜,buruk
Eunak dan mantab,baik
"Pernah kesini, kebetulan ga jauh dari rumah, seperti pulang kerumah saudara trs diajak makan, nyaman banget ğŸ¤—",baik
"Sukoharjo yaaa,bukan soloğŸ˜…",baik
"Emang recommended, apa lagi minumannya juaraa",baik
ğŸ˜,baik
Enak salad nya benar2 segar sayurnya. Aku udah kesana,baik
Masuk gofood ga?,baik
ayooooo @azzizah_n,baik
Ancer2 lokasinya dunk...,buruk
Hidroponik bukan organik ygyğŸ˜Š,buruk
"Terimakasih infonya saya pencinta salad ,kalau ke solo nanti sy bisa kesana ğŸ‘ğŸ‘",baik
Aku suka sayuran @gitaasaa___,baik
Namanya apa ya,baik
â¤ï¸,baik
Kudu baki bukan solo tp Sukoharjo,baik
Kenapa jauh ğŸ˜¢,buruk
"BKN DI SOLO DONG BRATI, ITU MSUK NY SUKOHARJO,,DI RALAT LHO SUARA NYA YA MIN @kulinersolojogja.id",baik
"hidroponik bukan organik. tapi gapapa lebih baik makan sayur anorganik tapi sebelumnya harus di cuci dulu, bisa pake garam, cuka apel, jeruk nipis, dll.untuk mengurangi kadar zat kimia dalam sayuran. daripada gak makan sayuran sama sekali.",baik
Sayur organik kok seladanya pakai hidroponik? ...hahaha..... bijimane nih min?,buruk
sok Minggu po,baik
Gasss @ika.dewi.s,buruk
Solo tdk ada,baik
Bukan solo kalau baki bro baki itu masuk Sukoharjo Yo bro,baik
Ntar gini @zinniaorganicfarm,baik
Kancaku wes kesana B aja,buruk
Sy n tmnÂ² sering order saladnya. Seladanya beda lbh enak freshhh. Yukkk cobain,baik
Di Solo ğŸ˜‚,baik
Nama warung n alamat detail dong pengen nyoba,baik
Suk goleki iki ma @prasetia.rini,baik
the real hidden gem TT,baik
Lokasi@,baik
Lokasi mana,baik
Baki Sukoharjo kah? Pingin coba. @syhra_1511 @ana_moti,baik
Tempatnya namanya apa ?,baik
Baki kan sukoharjo bkn solo,baik
Ini bukanya cuma sore aja ya min? Pagi siang ga buka berarti ?,buruk
ğŸ‘,baik
Dilihat saja sudah pasti enak bgt sauce nya. ğŸ™‚,baik
Lokasinya pas nya d mna ya,baik
Baki kok solo to mas mas wkwk,baik
Mbok aku jak Rene Mel.... ğŸ˜‚@putrinurkomalasr,buruk
Tetep tim TFPğŸ˜¢,buruk
Kok pengen yo mas @fourinitisastro,baik
Lah cedak kos @nurmuh11,buruk
Sdh mencoba.....salad nya mantap ğŸ‘,baik
InsyaaAllah klo berkunjung ke Solo bisa mampir....demen bgt sm saladğŸ”¥ğŸ”¥ğŸ”¥â¤ï¸,baik
"Plis maap bukannya julid, tp klo hidroponik itu kimia anorganik ya, bukan organik. Jauh bgt",buruk
Baki nya mna tah ini kk,baik
Deket rumahku ini punya pakde parjimo..ğŸ˜¬,buruk
Daerah mn itu kak,baik
di mana ini,buruk
Nyobain yuk @shokibmuhtarom,baik
Ngendiii iki,buruk
Ayo kesini @tita_srianti,baik
Lha ini deket rmhmu om @yoema79 @samuel.julianto,buruk
Gmap : Sebelas rasa ğŸ˜ğŸ˜ğŸ”¥ğŸ”¥deket,baik
"ğŸ˜­hidroponik bukan organik mas,",buruk
ajakin aku kesini makkk @kikikukekok,baik
Kapan2 nyoba pizz @rizqi_cepliz @endrasndut menu sehat kyake,baik
ğŸ˜ğŸ˜ğŸ˜,baik
Kuuy kesini yah @irfanhadiyanto_,baik
Ya tapi mayo nya akeh gitu ga bahaya ta,buruk
"Loh, deket rumah, dimana min tepatnya?",baik
Namanya apa kak?,baik
Daerah Solo Baru kah ?,baik
Sesuai sama tagline nya Saladnya Jagoan beneran....suasana bener2 homy kayak rumah sendiri..banyak promo juga nih..rekomendasi bgt...solo baru sekitar silakan merapat...,baik
bebeknya ğŸ‘Œ,baik
"Udah langganan saladnya emng enak, minuman lingzhi juga unik, hampir gada di tempat lain",baik
Dijamin sehat dan segar,baik
Hidroponik koq organik...darimana organiknya,baik
Unggg @uung__,buruk
Deket rmh tapi baru taauuuğŸ˜¢,baik
unik nih mb bisa jd rekomen besok ke solo @eyinandersson,baik
"Rasa sayurnya fresh banget dan ga pait, mungkin karna hidroponik kali ya, suka banget sama salad dressingnyaâ¤ï¸",baik
"Omahku Baki juga, lg ngerti di sini.",baik
Yoh mrene @betamula,baik
Mau nyoba ??,baik
Nama warung nya apa ya,baik
"Serius abis coba kesana,enak poll..sliced bbq chicken salad& bumbu saladnya MANTAB,ayam grnya jg enakk ada bumbu kalasannya (serabut2nya yummy)ğŸ˜",baik
Berapaan,baik
Ada wa nya gk ya,baik
Pak @d.yulianto23,buruk
Udah pernah k situ..tp belum coba ğŸ¥—,buruk
Panggilan kepada saudari @faridatrisna mohon segera merapat...,buruk
Lah samping desa pas... Gatau ini dimana ğŸ¤£ğŸ¤£,buruk
ğŸ˜,baik
Ayo yus @yusniiiaaa,buruk
Pengennn @yusi.destiana89,buruk
Ownernya jg ramah bgt.. suka ngajak ngobrol pengunjung.. dan kalau pas bapaknya ada bsa konsul kesehatan jg ğŸ˜„,baik
yg lagi doyan dolan nang baki ğŸ˜,baik
Olayooo siap eksekusi,baik
Buka jam brp ya?,baik
Asli enak....seladanya freshâ¤ï¸,baik
Lagi ngerti kudu enek resto,baik
deket rumahkuu ğŸ˜,baik
Cedak omahmu mbak @rya_ulala,buruk
".
.
.
.
.
#solokenyang #sobatsoken #tiktokindonesia #tiktokindo #solo #surakarta #exploresolo #kulinersolo #kulinerdisolo #lokersolo #foodporn #instafood #foodphotography #foodgasm #foodies #foodgramers",baik
Salad daerah nusukan-banyuanyar ada gak ya??? Pingin tp itu jauh,buruk
Markicob @thomas_agus_wijaya,baik
Reganr,buruk
Kpn dparani,baik
So yummy...perlu dicoba niih,baik
Wah mantep pas kebetulan lagi nyari salad. Makasih,baik
Wow..gasskuen ğŸ˜‹ğŸ‡²ğŸ‡¨ğŸ‘,baik
Yuukkk @eny_mamazahra.hamudi,baik
Kita harus kesini bunda @nieke.ratriana ğŸ˜‚ğŸ˜‚,buruk
Daerah mu Iki @veronnsandra ğŸ˜‚,baik
Ayam kremes mbak jojo tetap dihati,baik
Enak iki recomended saladÃ¨,baik
Wah Mantap Ini.. Bila Melintas Kami Akan Mampir Sambang Dulur Bakul ğŸ˜ğŸ˜,baik
Kyo e wuenakk ki mlaku tekan perlu di coba @ardhie_uuzt @kapan_goyang @indahdw186,buruk
Pie mbak @insanirisqinur ?? Cobain gih.. dkt bgt sm tmpat mu..,buruk
Cek menu dan harga,baik
"Enak, top. Salad dan wedangannya macem macem enak enak. Ayam gepreknya milih yg sambel matah, enak poool. Rice bowl katsu juga enak. Disini nasinya pulen enak, mirip H*kben menurut kami.",baik
"SEBELAS RASA
0819-1402-9191 https://g.co/kgs/skqo5T",buruk
â¤ï¸,baik
Kami buka mulai besok ya...tgl 27 April 2023 ğŸ˜,baik
dekert rumh bgt,baik
dekert rumh bgt,baik
Terima kasih atas rekomendasinya,baik
Genah nganggo iphone iki.. Kirimi file e ris,buruk
"Hai ka, salam kenal
Jika berkenan F O L O W
Admin @dhimastriyanto_iwk ya.
Salam sukses slalu",baik
anak anak al khoir...keep sholih sholihah...,buruk
ğŸ˜ğŸ˜ğŸ˜ğŸ˜ğŸ˜ğŸ˜ğŸ˜ğŸ˜ğŸ˜,baik
